pre_task_id,aft_task_id
0,14754a24
1,00dbd492
10,195ba7dc
11,09c534e7
12,27a77e38
13,17b80ad2
14,4acc7107
15,0c9aba6e
16,477d2879
17,281123b4
18,12422b43
19,47996f11
2,19bb5feb
20,137f0df0
21,310f3251
22,140c817e
23,3d31c5b3
24,2546ccf6
25,45737921
26,456873bc
27,0c786b71
28,4c177718
29,1e81d6f9
3,292dd178
30,4364c1c4
31,31d5ba1a
32,009d5c81
33,0a1d4ef5
34,12eac192
35,0b17323b
36,3a301edc
37,22a4bbc2
38,4aab4007
39,29700607
4,45bbe264
40,3194b014
41,414297c0
42,1d398264
43,0e671a1a
44,15696249
45,48f8583b
46,3391f8c0
47,42918530
48,1c56ad9f
49,2a5f8217
5,103eff5b
50,1a2e2828
51,358ba94e
52,25094a63
53,0692e18c
54,0f63c0b9
55,27f8ce4f
56,42a15761
57,0934a4d8
58,20818e16
59,2685904e
6,2753e76c
60,3490cc26
61,15113be4
62,12997ef3
63,1d0a4b61
64,4b6b68e5
65,3b4c2228
66,2b01abd0
67,21f83797
68,1acc24af
69,15663ba9
7,351d6448
70,0bb8deee
71,423a55dc
72,2697da3f
73,08573cc6
74,0a2355a6
75,1e97544e
76,0607ce86
77,136b0064
78,3979b1a8
79,0becf7df
8,20981f0e
80,319f2597
81,4852f2fa
82,17cae0c1
83,3ed85e70
84,1c02dbbe
85,37d3e8b2
86,48131b3c
87,2c737e39
88,2c0b0aff
89,2072aba6
9,03560426
90,1a6449f1
91,31adaf00
92,1990f7a8
93,32e9702f
94,184a9768
95,1c0d0a4b
96,00576224
97,2f0c5170
98,34b99a2b
